power_cap,pred_rank,true_rank,pred_optimal_gpu,true_optimal_gpu,selected_target,max_gpu,max_gpu_target,target_1gpu,target_2gpu,target_3gpu,target_4gpu,improve_vs_max_gpu_pct,improve_vs_1gpu_pct,improve_vs_2gpu_pct,improve_vs_3gpu_pct,improve_vs_4gpu_pct
800,"[4, 3, 2, 1]","[4, 3, 2, 1]",4,4,43.07517218589783,4,43.07517218589783,140.4722385406494,76.75191235542296,56.63957214355469,43.07517218589783,0.0,69.3354554370308,43.877395541071074,23.94862715996068,0.0
900,"[4, 3, 2, 1]","[4, 3, 2, 1]",4,4,43.11347579956055,4,43.11347579956055,140.30455780029294,76.17245626449584,56.63470435142517,43.11347579956055,0.0,69.27150730133263,43.40017650230896,23.874457731718294,0.0
1000,"[4, 3, 2, 1]","[4, 3, 2, 1]",4,4,42.99469208717346,4,42.99469208717346,140.4774363040924,76.25632238388063,56.69567489624024,42.99469208717346,0.0,69.39388045628725,43.61819355681143,24.16583422658111,0.0
1200,"[4, 3, 2, 1]","[4, 3, 2, 1]",4,4,43.21053004264832,4,43.21053004264832,140.4848825931549,76.07668709754944,56.68588948249817,43.21053004264832,0.0,69.24186485759732,43.201351568790635,23.7719819921153,0.0
1400,"[4, 3, 2, 1]","[4, 3, 2, 1]",4,4,42.998230934143066,4,42.998230934143066,140.31650042533877,76.65713858604431,56.70656442642212,42.998230934143066,0.0,69.35625474993795,43.90837992748788,24.174156256752045,0.0
1600,"[4, 3, 2, 1]","[4, 3, 2, 1]",4,4,43.02648711204529,4,43.02648711204529,140.41931128501892,76.81516027450563,56.72498321533203,43.02648711204529,0.0,69.35856847730054,43.98698517547004,24.148964577541236,0.0
2000,"[4, 3, 2, 1]","[4, 3, 2, 1]",4,4,42.99996304512024,4,42.99996304512024,140.4535858631134,76.07291889190674,56.55098581314087,42.99996304512024,0.0,69.38493041606773,43.47533436147022,23.96248725494676,0.0
