power_cap,pred_rank,true_rank,pred_optimal_gpu,true_optimal_gpu,top1_correct,kendall_tau,best_runtime,worst_runtime,speedup_vs_worst
800,"[4, 3, 2, 1]","[4, 3, 2, 1]",4,4,1,1.0,21.97818660736084,55.58494377136231,2.529095997062198
900,"[4, 3, 2, 1]","[4, 3, 2, 1]",4,4,1,1.0,20.82528042793274,54.71045732498169,2.627117436152221
1000,"[4, 3, 2, 1]","[4, 3, 2, 1]",4,4,1,1.0,19.543571710586548,54.7066330909729,2.7992136699014383
1200,"[4, 3, 2, 1]","[4, 3, 2, 1]",4,4,1,1.0,18.32616186141968,54.888699293136604,2.995100649453967
1400,"[4, 3, 2, 1]","[4, 3, 2, 1]",4,4,1,1.0,18.428885459899906,55.34731984138489,3.00329175965726
1600,"[4, 3, 2, 1]","[4, 3, 2, 1]",4,4,1,1.0,18.414880275726322,54.873860836029046,2.9798651967540257
2000,"[4, 3, 2, 1]","[4, 3, 2, 1]",4,4,1,1.0,18.47091555595398,54.86453652381897,2.9703203589241545
