power_cap,pred_rank,true_rank,pred_optimal_gpu,true_optimal_gpu,top1_correct,kendall_tau,best_runtime,worst_runtime,speedup_vs_worst
800,"[3, 2, 4, 1]","[3, 2, 4, 1]",3,3,1,1.0,21.6975691318512,36.514740705490105,1.6828954655518469
900,"[3, 4, 2, 1]","[3, 4, 2, 1]",3,3,1,1.0,21.534262657165527,36.40554308891296,1.6905869343429323
1000,"[4, 3, 2, 1]","[4, 3, 2, 1]",4,4,1,1.0,19.07548975944519,37.094592571258545,1.9446207169014484
1200,"[4, 3, 2, 1]","[4, 3, 2, 1]",4,4,1,1.0,16.757178783416748,36.485830545425415,2.1773253730235633
1400,"[3, 4, 2, 1]","[3, 4, 2, 1]",3,3,1,1.0,18.57499623298645,36.47183585166931,1.9634908881919835
1600,"[4, 3, 2, 1]","[4, 3, 2, 1]",4,4,1,1.0,15.84210968017578,36.309542894363396,2.2919638626034633
2000,"[4, 3, 2, 1]","[4, 3, 2, 1]",4,4,1,1.0,18.34270977973938,36.370692253112786,1.9828418314335645
