power_cap,pred_rank,true_rank,pred_optimal_gpu,true_optimal_gpu,top1_correct,kendall_tau,best_runtime,worst_runtime,speedup_vs_worst
800,"[3, 2, 4, 1]","[3, 2, 4, 1]",3,3,1,1.0,22.698745727539066,40.56253600120544,1.786994598207833
900,"[3, 4, 2, 1]","[3, 4, 2, 1]",3,3,1,1.0,21.5252206325531,40.58788299560547,1.8855966072758137
1000,"[3, 4, 2, 1]","[3, 4, 2, 1]",3,3,1,1.0,19.701383352279663,40.59061217308045,2.0602924904957844
1200,"[3, 4, 2, 1]","[3, 4, 2, 1]",3,3,1,1.0,18.846687793731693,40.566725254058845,2.152459132238139
1400,"[4, 3, 2, 1]","[4, 3, 2, 1]",4,4,1,1.0,15.91532278060913,40.57395482063294,2.549364243499185
1600,"[4, 3, 2, 1]","[4, 3, 2, 1]",4,4,1,1.0,16.474889993667606,41.08024263381958,2.493506339017101
2000,"[4, 3, 2, 1]","[4, 3, 2, 1]",4,4,1,1.0,17.51437020301819,40.57556939125061,2.3167015953710037
