power_cap,pred_rank,true_rank,pred_optimal_gpu,true_optimal_gpu,top1_correct,kendall_tau,best_runtime,worst_runtime,speedup_vs_worst
800,"[2, 1, 3, 4]","[2, 1, 3, 4]",2,2,1,1.0,4.860593795776367,393.7635688781738,81.0114124781084
900,"[2, 1, 3, 4]","[2, 1, 3, 4]",2,2,1,1.0,4.869896650314331,392.26594638824463,80.54913164593042
1000,"[2, 1, 3, 4]","[2, 1, 3, 4]",2,2,1,1.0,4.053678750991821,389.80517578125,96.16084542611465
1200,"[2, 1, 3, 4]","[2, 1, 3, 4]",2,2,1,1.0,4.8643505573272705,390.42513966560364,80.26254174413855
1400,"[2, 1, 3, 4]","[2, 1, 3, 4]",2,2,1,1.0,4.8650524616241455,388.0303235054016,79.75871310046713
1600,"[2, 1, 3, 4]","[2, 1, 3, 4]",2,2,1,1.0,4.864515781402588,384.0990993976593,78.95936957715283
2000,"[2, 1, 3, 4]","[2, 1, 3, 4]",2,2,1,1.0,4.088244199752808,381.4639456272125,93.30752445029518
